{
  "results": [
    {
      "command": "node benchmark/client/WS-client.js",
      "mean": 1.8160417162999998,
      "stddev": 1.016469983893206,
      "median": 1.458435043,
      "user": 1.06567158,
      "system": 0.40125332,
      "min": 1.0418740364999999,
      "max": 4.3815247575,
      "times": [
        1.3562239655,
        4.3815247575,
        2.7171678825,
        1.5606461205,
        1.6981068115,
        1.6472249984999998,
        1.3530508015,
        1.0418740364999999,
        1.1047136375,
        1.2998841515
      ],
      "exit_codes": [
        0,
        0,
        0,
        0,
        0,
        0,
        0,
        0,
        0,
        0
      ]
    }
  ]
}
