{
  "results": [
    {
      "command": "node benchmark/client/WS-client.js",
      "mean": 2.6754974304,
      "stddev": 0.8901752873564067,
      "median": 2.4990634047,
      "user": 0.84186232,
      "system": 0.32870153999999996,
      "min": 2.0255537312,
      "max": 5.094596962200001,
      "times": [
        2.5407439842,
        2.2039581922,
        2.0811268242,
        2.0255537312,
        2.2311621161999997,
        2.4573828252,
        5.094596962200001,
        2.8072484001999998,
        2.6429164672,
        2.6702848012
      ],
      "exit_codes": [
        0,
        0,
        0,
        0,
        0,
        0,
        0,
        0,
        0,
        0
      ]
    }
  ]
}
