{
  "summary": {
    "successRate": 0.0,
    "total": 0.384711237,
    "slowest": null,
    "fastest": null,
    "average": null,
    "requestsPerSec": 2599.3521993224235,
    "totalData": 0,
    "sizePerRequest": null,
    "sizePerSec": 0.0
  },
  "responseTimeHistogram": {
    "NaN": 0
  },
  "latencyPercentiles": {
    "p10": null,
    "p25": null,
    "p50": null,
    "p75": null,
    "p90": null,
    "p95": null,
    "p99": null
  },
  "rps": {
    "mean": 0.0,
    "stddev": 0.0,
    "max": null,
    "percentiles": {
      "p10": null,
      "p25": null,
      "p50": null,
      "p75": null,
      "p90": null,
      "p95": null,
      "p99": null
    }
  },
  "details": {
    "DNSDialup": {
      "average": 0.0,
      "fastest": null,
      "slowest": null
    },
    "DNSLookup": {
      "average": 0.0,
      "fastest": null,
      "slowest": null
    }
  },
  "statusCodeDistribution": {},
  "errorDistribution": {
    "Connection refused (os error 111)": 1000
  }
}