{
  "results": [
    {
      "command": "bun benchmark/node/mongodb/mongo-read.js ",
      "mean": 1.37208481052,
      "stddev": 0.3029389792632249,
      "median": 1.26557552422,
      "user": 1.2489540599999998,
      "system": 0.20772279999999999,
      "min": 1.0614873287200002,
      "max": 1.9765389787200003,
      "times": [
        1.11838062872,
        1.09715182372,
        1.1627917137200001,
        1.2387580607200002,
        1.50667338972,
        1.29239298772,
        1.0614873287200002,
        1.9765389787200003,
        1.6049716207200002,
        1.6617015727200002
      ],
      "exit_codes": [
        0,
        0,
        0,
        0,
        0,
        0,
        0,
        0,
        0,
        0
      ]
    },
    {
      "command": "deno run --allow-net --allow-read benchmark/deno/mongodb/mongo-read.ts ",
      "mean": 0.73397015092,
      "stddev": 0.26983207213326693,
      "median": 0.69371975022,
      "user": 0.60282886,
      "system": 0.0952726,
      "min": 0.46653223272000005,
      "max": 1.3788934787200002,
      "times": [
        0.8729660407200001,
        0.74132566272,
        1.3788934787200002,
        0.81195703672,
        0.64611383772,
        0.57776110872,
        0.49486995772000003,
        0.46653223272000005,
        0.52290068472,
        0.8263814687200001
      ],
      "exit_codes": [
        0,
        0,
        0,
        0,
        0,
        0,
        0,
        0,
        0,
        0
      ]
    },
    {
      "command": "node benchmark/node/mongodb/mongo-read.js ",
      "mean": 0.9101857100200001,
      "stddev": 0.18850312611039474,
      "median": 0.9065669137200001,
      "user": 0.8484580599999999,
      "system": 0.0881826,
      "min": 0.69360998172,
      "max": 1.1478035717200001,
      "times": [
        0.74569996472,
        0.78143960772,
        0.69360998172,
        0.76027509272,
        0.69779085072,
        1.0516111087200002,
        1.1478035717200001,
        1.03169421972,
        1.1226433017200002,
        1.06928940072
      ],
      "exit_codes": [
        0,
        0,
        0,
        0,
        0,
        0,
        0,
        0,
        0,
        0
      ]
    }
  ]
}
