{
  "results": [
    {
      "command": "bun benchmark/node/mongodb/mongo-write.js ",
      "mean": 1.2991503179400001,
      "stddev": 0.20812227348103918,
      "median": 1.19612971574,
      "user": 1.1450958999999998,
      "system": 0.1816555,
      "min": 1.05642478824,
      "max": 1.59404125824,
      "times": [
        1.45824339924,
        1.13966271724,
        1.05642478824,
        1.13161568824,
        1.21138836024,
        1.1392868082399998,
        1.18087107124,
        1.59404125824,
        1.50922670524,
        1.57074238324
      ],
      "exit_codes": [
        0,
        0,
        0,
        0,
        0,
        0,
        0,
        0,
        0,
        0
      ]
    },
    {
      "command": "deno run --allow-net --allow-read benchmark/deno/mongodb/mongo-write.ts ",
      "mean": 0.38533830473999997,
      "stddev": 0.050743307466513954,
      "median": 0.38443222024,
      "user": 0.28885839999999996,
      "system": 0.0502441,
      "min": 0.31654498724,
      "max": 0.47902177824000003,
      "times": [
        0.42340649224000004,
        0.37709375424,
        0.40416298524000005,
        0.37885228124000003,
        0.31889192624,
        0.34207609424,
        0.31654498724,
        0.42332058924000004,
        0.47902177824000003,
        0.39001215924000004
      ],
      "exit_codes": [
        0,
        0,
        0,
        0,
        0,
        0,
        0,
        0,
        0,
        0
      ]
    },
    {
      "command": "node benchmark/node/mongodb/mongo-write.js ",
      "mean": 1.09173612414,
      "stddev": 0.41454664992236884,
      "median": 0.9832039512399999,
      "user": 0.939864,
      "system": 0.09633409999999999,
      "min": 0.72781611024,
      "max": 2.0924093682400002,
      "times": [
        0.82202655524,
        2.0924093682400002,
        1.21796706924,
        1.13043967424,
        1.4030032472399998,
        1.02563603124,
        0.9407718712400001,
        0.8145775932400001,
        0.74271372124,
        0.72781611024
      ],
      "exit_codes": [
        0,
        0,
        0,
        0,
        0,
        0,
        0,
        0,
        0,
        0
      ]
    }
  ]
}
